cve_id,cwe_id,repository,fixing_commits,introducing,vuln_files
CVE-2017-2617,CWE-434,https://github.com/hawtio/hawtio,['8cf6848f4d4d4917a4551c9aa49dc00f699eb569'],fb3c03549e0c06dedef5eb97e8a1965369689fe1,[]
CVE-2019-11274,CWE-79,https://github.com/cloudfoundry/uaa,['a34f55fc97a81966faf21e3ae404ec24f1f31cf7'],bb8ff8f4e8969b46fdacffcd27781d223c8c7244,[]
CVE-2014-8122,CWE-362,https://github.com/weld/core.git,"['29fd1107fd30579ad9bb23fae4dc3ba464205745', '6808b11cd6d97c71a2eed754ed4f955acd789086', '8e413202fa1af08c09c580f444e4fd16874f9c65']",c3179e839d2f031efac7545bfd259fa31a3bcdcb,[]
CVE-2019-10797,NVD-CWE-Other,https://github.com/wso2/transport-http,['4a4dc99c7b259646ee5e23b7aaa7c3a8bac959c1'],f57401801f2ec31e4beefa2f81adfe431e5398e3,[]
CVE-2008-6682,CWE-79,https://github.com/apache/struts,"['09147ffad2b3046ed21af0f524c5088e2ac551e', 'bd3f2f59c9b09f70aed3ebab6bb69b464ee2d6c', 'dae026a0f0511f83852053bae9d5a622e7f8048', 'dbc620f84ffb626c6e6738afe0578d617a2b3d3', '93866341ec5396d07b5829be55110ff09dc81bc']",c01d3a92db7f71f751a0522912d24bcf4a94a1b0,[]
CVE-2020-25022,CWE-125,https://github.com/rweather/noise-java,['18e86b6f8bea7326934109aa9ffa705ebf4bde90'],0d93e22b4180cd1fa889d543c548b8b0264f8cdf,[]
CVE-2015-1836,CWE-284,https://gitbox.apache.org/repos/asf/hbase.git,['942e09b71eef5bd9fdb1c8711125c4bc1193bcdc'],948d0cdec4fb35d70404b9b6e27743616400656d,[]
CVE-2013-7315,CWE-264,https://github.com/spring-projects/spring-framework.git,['7576274874deeccb6da6b09a8d5bd62e8b5538b7'],ed3823b045fd19cdb801609eb034c93dd4d75c3f,[]
CVE-2019-17563,CWE-384,https://github.com/apache/tomcat,"['e19a20', '1ecba1', 'ab72a1']",a84fabcbc6fee8a69253ad92a304b4718e96a7c9,[]
CVE-2017-9096,CWE-611,https://github.com/itext/itext7,['930a1c81f8ea4952df540f041befbfa2d6757838'],050687b386acfc1c27d3826d0a9936a3f042b09e,[]
CVE-2019-11777,CWE-755,https://github.com/eclipse/paho.mqtt.java,['a0bbf1e7da158ae191582f032343c6171e6a0b44'],176f6fc0b83eefc4e196370e9d12775c99b711ea,[]
CVE-2020-7226,CWE-770,https://github.com/vt-middleware/cryptacular,['311baf12252abf21947afd07bf0a0291ec3ec796'],42ec5f97f6af3f8c91822fcc0da1f19bc9b5b9b1,[]
CVE-2019-16771,CWE-74,https://github.com/line/armeria,['b597f7a865a527a84ee3d6937075cfbb4470ed20'],8a003bf4984c233b33e0e8b686c68deb2164c0b3,[]
CVE-2015-8581,CWE-20,https://git-wip-us.apache.org/repos/asf/tomee.git,['58cdbbef9c77ab2b44870f9d606593b49cde76d9'],86267a2346e3517482282a38e8bc7d167c039963,[]
CVE-2019-11282,CWE-74,https://github.com/cloudfoundry/uaa,['157febfdebfd63708233b492f3271ceb1bd1eafc'],cd942abfb08004766db8b9f553774fc1c08b69d5,[]
CVE-2014-3579,CWE-611,https://git-wip-us.apache.org/repos/asf/activemq-apollo.git,['e5647554e6801a522c508a8eb457979a9af8c398'],588c6b5e9e6beb8e5b35584051f942473648c66d,[]
CVE-2018-17202,CWE-835,https://github.com/apache/commons-imaging,['6a79d35d6654d895d0a4b73b3a9282ec9aaeeb06'],c659a6007b258f3e2afc57cf2b4c4c5eb03fce74,[]
CVE-2020-13941,CWE-20,https://github.com/apache/lucene-solr,"['49a3f0a11d41f7124b893a08dc9e67594c32e2e', 'b52bf267c7aa528b282d09c637344650f903495']",49a3f0a11d41f7124b893a08dc9e67594c32e2ee,[]
CVE-2014-0116,CWE-264,https://github.com/apache/struts.git,['74e26830d2849a84729b33497f729e0f033dc147'],bfbc4c04e007393986f374a02dfb7ded23bc9a05,[]
CVE-2019-11272,CWE-522,https://github.com/spring-projects/spring-security,['b2d4fec3617c497c5a8eb9c7e5270e0c7db293ee'],db12a50a32cd779e4f36f52dc2374692477bf94d,[]
CVE-2016-6793,CWE-502,https://github.com/apache/wicket.git,['134686ef7185d3f96fec953136ab4847cd36b68'],db12a50a32cd779e4f36f52dc2374692477bf94d,[]
CVE-2019-17633,CWE-352,https://github.com/eclipse/che,['a8ce4435e3ffe9985116999f8dfae1b883548acf'],a8ce4435e3ffe9985116999f8dfae1b883548acf,[]
CVE-2018-17193,CWE-79,https://github.com/apache/nifi,['e62aa0252dfcf34dff0c3a9c51265b1d0f9dfc9f'],528b82634f528468970eaa655c0085b1c9592b71,[]
CVE-2015-5171,CWE-613,https://github.com/cloudfoundry/uaa,['9730cd6a3bbb481ee4e400b51952b537589c469d'],7c0eaea07e8b91c21f8c188545db1b4e653c6cd8,[]
CVE-2017-1000498,CWE-611,https://github.com/BigBadaboom/androidsvg,['44e4fbf1d0f6db295df34601972741d4cf706cbd'],1c9dcb152130b0b8de59f9df4256fa349c695f25,[]
CVE-2019-0194,CWE-22,https://github.com/apache/camel,"['2d399aa6062fccd6af496bd776314d1944f7090', '53185f0b221b899aacb3c379647a866a8f408a8', '5e1d70c6957703cdebbfe5d796462e5a89c8bc2', 'f337a98e86ef18611b14570e6780053fe3ddcc0', '68f2de31b7752bd49b7898d7098b3bfe8e0d0bd', 'a8a2b8c0a37e348981a4cf41fd2b329b6079f40', '05ff65d5cebf1fa5172c59dd16359ed583c099c', '5b64969d37cf2906efd4623cfd473041ce5132f', '15a1f10fb532bdcba184cda17be602a2358bd5e', 'e030f6665db037a2f73f30b9125fb770f29a7bd']",f7db8aa81be1e0339a41de1ead9276174bcbe9a5,[]
CVE-2017-9803,CWE-287,https://github.com/apache/lucene-solr,['b091934f9e98568b848d0584a1145c8e514cbd21'],7bf019a9c2779368133850f141174febede6ad96,[]
CVE-2020-12719,CWE-611,https://github.com/wso2/carbon-analytics-common,['a519819c9a3a9beed3721b043711bb1eb5c07897'],7f9e44c0ee709f80badb39bb32c1de386a05f837,[]
CVE-2019-12422,NVD-CWE-noinfo,https://github.com/apache/shiro,['a8018783373ff5e5210225069c9919e071597d5e'],d2f053733eabf5c1587a9e5e9fb642d554fb5fed,[]
CVE-2008-1728,CWE-399,https://github.com/igniterealtime/Openfire,['c9cd1e521673ef0cccb8795b78d3cbaefb8a576a'],74da47c604b38afe5c8754d30bf1fc39a58b1bdc,[]
CVE-2018-8009,CWE-22,https://github.com/apache/hadoop,"['6d7d192e4799b51931e55217e02baec14d49607', 'cedc28d4ab2a27ba47e15ab2711218d96ec88d2', '745f203e577bacb35b042206db94615141fa5e6', 'e3236a9680709de7a95ffbc11b20e1bdc95a860', '11a425d11a329010d0ff8255ecbcd1eb51b642e', 'fc4c20fc3469674cb584a4fb98bac7e3c2277c9', '12258c7cff8d32710fbd8b9088a930e3ce27432', '1373e3d8ad60e4da721a292912cb69243bfdf47', '6a4ae6f6eeed1392a4828a5721fa1499f65bdde', '45a1c680c276c4501402f7bc4cebcf85a6fbc7f', 'eaa2b8035b584dfcf7c79a33484eb2dffd3fdb1', '65e55097da2bb3f2fbdf9ba1946da25fe58bec9', 'bd98d4e77cf9f7b2f4b1afb4d5e5bad0f6b2fde']",5128a9a453d64bfe1ed978cf9ffed27985eeef36,[]
CVE-2014-0054,CWE-352,https://github.com/spring-projects/spring-framework.git,"['1c5cab2a4069ec3239c531d741aeb07a434f521b', 'edba32b3093703d5e9ed42b5b8ec23ecc1998398']",03582973d74b30eba4b00be50189258b2d843bad,[]
CVE-2017-5645,CWE-502,https://github.com/apache/logging-log4j2,['5dcc19215827db29c993d0305ee2b0d8dd05939d'],ee87a184c7ccbfe03234782ebd6cc76c954a4a3c,[]
CVE-2019-0232,CWE-78,https://github.com/apache/tomcat,"['5bc4e6', '7f0221']",a84fabcbc6fee8a69253ad92a304b4718e96a7c9,[]
CVE-2020-11976,CWE-552,https://github.com/apache/wicket,['d43c68c0126306021a12afbfe7876a36612fbbc3'],9f8f2f2f5f7df873061679c80edd151c94afdd38,[]
CVE-2017-3159,CWE-502,https://github.com/apache/camel,"['20e26226107f3133c87d0f5c845e02f824823f69', '6b979d07fd4be6ac913368f2abeae690d3325d37', 'dcb5a74a3987d2264ad195c7844bbb6c81216610']",53600cfaf16966ed01b4e888993e7700106ed97b,[]
CVE-2016-2402,CWE-295,https://github.com/square/okhttp,"['3ccb46dd16b6ec98f70b0ee53eafe5ed6380891e', '784fabac7d1586a5614bd4bc8854fd62850dbe26', '5377f25d9eed755328216912ef5e922c93e14f3']",62b42bf27589fd8128f6d1a202455c5731c890c2,[]
CVE-2020-11996,NVD-CWE-noinfo,https://github.com/apache/tomcat,"['9434a44d3449d620b1be70206819f8275b4a750', '9a0231683a77e2957cea0fdee88b193b30b0c97', 'c8acd2ab7371e39aeca7c306f3b5380f00afe55']",3c97e9bb92d2572631c4633c04ec00607a10638d,[]
CVE-2013-2248,CWE-20,https://github.com/apache/struts,"['3cfe34fefedcf0fdcfcb061c0aea34a715b7de6', '630e1ba065a8215c4e9ac03bfb09be9d655c2b6e']",c01d3a92db7f71f751a0522912d24bcf4a94a1b0,[]
CVE-2012-0391,CWE-20,https://gitbox.apache.org/repos/asf/struts.git,"['5f54b8d087f5125d96838aafa5f64c2190e6885b', 'b4265d369dc29d57a9f2846a85b26598e83f3892']",0c543aef318341ca9bd482e15f1637497b8a4dfd,[]
CVE-2019-10184,CWE-862,https://github.com/undertow-io/undertow,['5fa7ac68c0e4251c93056d9982db5e794e04ebfa'],9e2c0e409899cc7eae9b01db85f4e355062e88c1,[]
CVE-2019-19135,CWE-330,https://github.com/eclipse/milo,['cac0e710bf2b8bed9c602fc597e9de1d8903abed'],928dbc232f851bf06a40032a2fd297c5d7d8352c,[]
CVE-2019-0225,CWE-22,https://github.com/apache/jspwiki,['88d89d6523802c044cfcb7930cba40d8eeb21da2'],5da3fd1da735f32b138a850d990a6f51190cef5f,[]
CVE-2018-20157,CWE-611,https://github.com/OpenRefine/OpenRefine,['6a0d7d56e4ffb420316ce7849fde881344fbf881'],78edff6f7f410bb53c03e67f7f90a6d3521cee7f,[]
CVE-2015-5175,CWE-20,https://github.com/apache/cxf-fediz.git,"['90c898335786211d253c0503453e2f8b93e0d3fe', 'f65c961ea31e3c1851daba8e7e49fc37bbf77b19']",ec46e587ac2cff468a1c10664dbf2af12d9672b5,[]
CVE-2018-1322,CWE-200,https://github.com/apache/syncope,"['44a5ca0fbd357b8b5d81aa9313fb01cca30d8ad', '735579b6f987b407049ac1f1da08e675d957c3e', '7b168c142b09c3b03e39f1449211e7ddf026a14']",07aa458582c654e0683091b9da36e54c1ce7a0c4,[]
CVE-2018-11761,CWE-611,https://github.com/apache/tika,['4e67928412ad56333d400f3728ecdb59d07d9d63'],4b38d6228f4ba5ee912735dc692275499bbf45f6,[]
CVE-2020-1937,CWE-89,https://github.com/apache/kylin,"['1f9f44ceb818b46518176e81c6dea5a0d12750c', 'e373c64c96a54a7abfe4bccb82e8feb60db0474']",75f6b0054e78c6abb5a1723161b04fbd9acac4a8,[]
CVE-2020-5397,CWE-352,https://github.com/spring-projects/spring-framework,['bc7d01048579430b4b2df668178809b63d3f1929'],d27b5d0ab6e8b91a77e272ad57ae83c7d81d810b,[]
CVE-2015-1776,CWE-200,https://github.com/apache/hadoop.git,['6b710a42e00acca405e085724c89cda016cf7442'],9ca394d54dd24e67867c845a58150f6b51761512,[]
CVE-2018-11771,CWE-835,https://github.com/apache/commons-compress,['a41ce6892cb0590b2e658704434ac0dbcb6834c8'],008ca948dadacea8d1a2662c577fdcb25f32d5e2,[]
CVE-2014-0229,CWE-264,https://github.com/apache/hadoop,['957c56dbe5b1490490c09ddfbca9a4204c7c9d00'],a196766ea07775f18ded69bd9e8d239f8cfd3ccc,[]
CVE-2010-1244,CWE-352,https://github.com/apache/activemq,['1f464b9412e1b1c08d40c8ffac40edd52731da48'],508128e3e64aeb0c09339172aabb8dbd3434980c,[]
CVE-2019-10071,CWE-203,https://gitbox.apache.org/repos/asf/tapestry-5,['cdcf49c0a2b36ffc7a004d54405bb4357870c4b2'],95846b173d83c2eb42db75dae3e7d5e13a633946,[]
CVE-2016-4465,CWE-20,https://gitbox.apache.org/repos/asf/struts.git,"['eccc31ebce5430f9e91b9684c63eaaf885e603f9', 'a0fdca138feec2c2e94eb75ca1f8b76678b4d152']",31be88afa28fb9b1e9854d0d7673ab9b979cf9be,[]
CVE-2016-1000341,CWE-361,https://github.com/bcgit/bc-java,['acaac81f96fec91ab45bd0412beaf9c3acd8defa'],416d12366597ba69358b76e0d17bbb9b3bdfcd5d,[]
CVE-2019-12415,CWE-611,https://github.com/apache/poi,['2b8200f7d701ea6ff9638f629f0bd81d2e48410c'],fb8c79d96c2f0ddffb13f5b96c0f65b66c77ce5f,[]
CVE-2019-10754,CWE-338,https://github.com/apereo/cas,['40bf278e66786544411c471de5123e7a71826b9f'],5cba088905f1ee6f4a2f6616dd064330405aa82d,[]
CVE-2019-3797,CWE-200,https://github.com/spring-projects/spring-data-jpa,"['9b16fef6e9a1c8f4352cb979df8ef4a9336d655', 'ee39e8863bb43b63e34fe9ac6ec9b864cd8afca', '16661f7e7e28f8ea8585a0402bd91eb6721ce55', '417202db8e1714bdca1bd57879634866934c6f5', '271a2814157c5de78345effdbe2a21c740880cd', '89b18d573394c84012c58c892e9a3844fb8c7b4', '8a5743c74b7ab1daf7cb428fee0d9b3f03fb914', 'c47a5d09a1123ca8e77f832f8335e227b820b3f', '4d4e6d418fe3bca14c7cff1c7161e3794026f96', '899b8b0db3d40603488ad50f116ab9e68021ba3', 'b6060be66b6cbf447c0c62e5b80caa565e10f38', 'ee03f9b4a5facaee1b9d25313862e1d043f5a5d']",c47a5d09a1123ca8e77f832f8335e227b820b3fc,[]
CVE-2018-11784,CWE-601,https://github.com/apache/tomcat,['efb860b3ff8ebcf606199b8d0d432f76898040da'],89cd0cf33a99dbbcf5c69050a83b6876e39269d7,[]
CVE-2020-11980,CWE-918,https://github.com/apache/karaf,"['3e4c4bed2d08e81ca5961ab5fcadab23470db1c', '2ccfba48bdfac6c2cd09c8f058641da0011e4c7']",cecc58e7495aad84069401d9703badb99937becf,[]
CVE-2020-13935,CWE-835,https://github.com/apache/tomcat,"['12d715676038efbf9c728af10163f8277fc019d', '1c1c77b0efb667cea80b532440b44cea1dc427c', '40fa74c74822711ab878079d0a69f7357926723']",fc6f2ead8463d06ae73954508927e4f2224c8e77,[]
CVE-2020-1963,CWE-862,https://github.com/apache/ignite,['02b0439639a9dab264cdb3ed4081c231e0079c13'],1e0a7c21ea77ae2684a2d0b5d809b4241567bd2b,[]
CVE-2018-11039,NVD-CWE-noinfo,https://github.com/spring-projects/spring-framework,"['dac97f1b7dac3e70ff603fb6fc9f205b95dd6b01', 'f2694a8ed93f1f63f87ce45d0bb638478b426acd']",a99fe3eda4af496cd6e2b90b7f9988a76fe6695e,[]
CVE-2019-10094,CWE-770,https://github.com/apache/tika,['426be73b9e7500fa3d441231fa4e473de34743f6'],5f05b511d7d1184f6f25a2b644b615c4f21b8e68,[]
CVE-2015-5172,CWE-640,https://github.com/cloudfoundry/uaa,['cd31cc397fe17389d95b83d6a9caa46eebc54faf'],327fbdc2c2f8595b1fbc09f5925c907b42f2d45a,[]
CVE-2017-5637,CWE-400,https://github.com/apache/zookeeper,"['75411ab34a3d53c43c2d508b12314a9788aa417', '6d9fc04c052adbc79bbbb1c63f3f00c816fb8e5']",b0fbdba0c2a0334704f4c8969f2d0deb5d73cf95,[]
CVE-2018-8030,CWE-20,https://github.com/apache/qpid-broker-j,['025b48f3193e2b10b1c41d2bc3bcfc9cfc238a27'],e91f279199ac5419d71ba7b15070c585f4962eb3,[]
CVE-2017-17485,CWE-502,https://github.com/FasterXML/jackson-databind,['2235894210c75f624a3d0cd60bfb0434a20a18bf'],6ce32ffd18facac6abdbbf559c817b47fcb622c1,[]
CVE-2018-8037,CWE-362,https://github.com/apache/tomcat,['ed4b9d791f9470e4c3de691dd0153a9ce431701b'],8460d7712dcbb72e3d4f2f8ebb9a26fc4e9ddcf9,[]
CVE-2018-17192,CWE-1021,https://github.com/apache/nifi,['dbf259508c2b8e176d8cb837177aaadbf44f0670'],ac8e57259f8e4d8183d938f46a28f3c73b595940,[]
CVE-2017-1000208,CWE-502,https://github.com/swagger-api/swagger-parser,['4c6584306b40de9b2dfa9065c3a438cd918534af'],4044ecfb80732b721ffa206388574cf08bf7d295,[]
CVE-2016-9879,CWE-417,https://github.com/spring-projects/spring-security.git,['666e356ebc479194ba51e43bb99fc42f849b6175'],7d97adc68789f4a191cee15de482530dd9d5c31d,[]
CVE-2014-0094,NVD-CWE-noinfo,https://github.com/apache/struts.git,['74e26830d2849a84729b33497f729e0f033dc147'],bfbc4c04e007393986f374a02dfb7ded23bc9a05,[]
CVE-2020-1758,CWE-295,https://github.com/keycloak/keycloak,['97b565469058cacac6d2559b2cff37effcca2cfd'],80e2b8eb39af640eaf6cec8b9dcdd0eef7c48aa7,[]
CVE-2019-3875,CWE-295,https://github.com/keycloak/keycloak,['a48698caa32933458916980ab05256f56099a337'],0a4fd79b225df03d769a267c9b464893a36753c6,[]
CVE-2016-6652,CWE-89,https://github.com/spring-projects/spring-data-jpa,['b8e7fecccc7dc8edcabb4704656a7abe6352c08f'],b291a5f5f9928491567b3cb1b4a78d105c54af82,[]
CVE-2019-10083,CWE-200,https://github.com/apache/nifi,['a97766d62f067845869c44b39604851c7ca91d02'],4d998c12c95a6e5ce3d66c0d861e75e33b5cf013,[]
CVE-2016-8629,CWE-264,https://github.com/keycloak/keycloak,['a78cfa4b2ca979a1981fb371cfdf2c7212f7b6e2'],3e28ac1e463c78f4b181144d5ca41f578a2d3b8f,[]
CVE-2019-0213,CWE-79,https://github.com/apache/archiva,['a36035b49ba7d6514d6c386b51e1ad2512371b3d'],1bb10ee01e2f32135eeaf12a6639cacd75563e04,[]
CVE-2020-7009,CWE-269,https://github.com/elastic/elasticsearch,"['1c5f53076b625c44111c1e9430dc36327a08858', '6f59ef267b2c3567754f8bea87daafc34cd9bd5', '7f21ade92407c5c65d2bd83a42e752838acdde5']",fe36861ada3e75259ff601a9f6b0e1cd5fbb8afe,[]
CVE-2016-3082,CWE-20,https://gitbox.apache.org/repos/asf/struts.git,['6bd694b7980494c12d49ca1bf39f12aec3e03e2f'],cfe77b1f8230ef18dfb2063806ebbfbc2d7d45bb,[]
CVE-2014-0109,CWE-399,https://git-wip-us.apache.org/repos/asf/cxf.git,['f8ed98e684c1a67a77ae8726db05a04a4978a445'],88a9451b92180609b7bb93d0314bc8384f0c24a4,[]
CVE-2018-1275,CWE-358,https://github.com/spring-projects/spring-framework,"['1db7e02de3eb0c011ee6681f5a12eb9d166fea8', 'd3acf45ea4db51fa5c4cbd0bc0e7b6d9ef805e6']",2eeb2e92359381328789585233e54c9bbd41e6dc,[]
CVE-2015-2156,CWE-20,https://github.com/netty/netty,"['97d871a7553a01384b43df855dccdda5205ae77', '2caa38a2795fe1f1ae6ceda4d69e826ed7c55e5', '31815598a2af37f0b71ea94eada70d6659c2375']",0c55c85d06ccd2f0bd38a5376417b5c6b8c09aef,[]
CVE-2018-1324,CWE-835,https://github.com/apache/commons-compress,['2a2f1dc48e22a34ddb72321a4db211da91aa933b'],a433f625f89c1d464b05186411ff20802e292fb4,[]
CVE-2014-0114,CWE-20,https://github.com/apache/commons-beanutils,"['2412c90ba5584fed123fa6a33e752e6c8eaf74e9', '4e410e068b8d367c53766a7da712b1b6f3fd8101', '62e82ad92cf4818709d6044aaf257b73d42659a4']",25ac3249dc2a40bd52ceccc9251c8446b036d197,[]
CVE-2011-1772,CWE-79,https://github.com/apache/struts,['885ab3459e146ff830d1f7257f809f4a3dd4493a'],0c543aef318341ca9bd482e15f1637497b8a4dfd,[]
CVE-2018-8012,CWE-862,https://github.com/apache/zookeeper,"['5a29daedeb5ac7e9e2af87ce1a7bbfad230d5c8', '75411ab34a3d53c43c2d508b12314a9788aa417', '8a06bd1ccef382461c7b0a63f2012f4aeac9075']",0957b8404e1ecfc5703d7c2827752773b7dc23be,[]
CVE-2020-5245,CWE-74,https://github.com/dropwizard/dropwizard,['d87d1e4f8e20f6494c0232bf8560c961b46db634'],98fa28a60b235d9c600fac578227086fc86b42df,[]
CVE-2019-17569,CWE-444,https://github.com/apache/tomcat,"['060ecc', '959f1d', 'b191a0']",b3a8e01654549b0b79fc7c7684cd492cd5aafe4b,[]
CVE-2020-5411,CWE-502,https://github.com/spring-projects/spring-batch,['6d7d2927ddcd8c7ddd902fa1196b1e780c0d70ea'],22109eea84e4ea5ab773f58baad2b366b1858591,[]
CVE-2014-0002,CWE-264,https://git-wip-us.apache.org/repos/asf/camel.git,"['54b65c1d30848835f26bd138c0ba407bc1e560d', '2ec54fa0c13ae65bdcccff764af081a79fcc05f', '341d4e6cca71c53c90962d1c3d45fc9e05cc50c6']",4abc7be95f5a39c4ab0781da53e89b13fe863990,[]
CVE-2015-5204,NVD-CWE-Other,https://gitbox.apache.org/repos/asf/cordova-plugin-file-transfer.git,"['2b31723708256c08c5209308eb6ccfb03e2ab990', '8fcdb1aa3deb892691b44bdf57e8d780da09e2a4', 'ad6647120db12f0e67ee4a952a71ea494a39a475']",35e89b3aeccc9377d85ea382091ea50a0915949f,[]
CVE-2019-0214,NVD-CWE-noinfo,https://github.com/apache/archiva,['796716d44183bd315dd20184a66b39ae533eb747'],a36035b49ba7d6514d6c386b51e1ad2512371b3d,[]
CVE-2018-1260,CWE-94,https://github.com/spring-projects/spring-security-oauth,"['1c6815ac1b26fb2f079adbe283c43a7fd0885f3', '6b1791179c1092553aa0690da22dac4dff2fc58', '8e9792c1963f1aeea81ca618785eb8d71d1cd1d', 'adb1e6d19c681f394c9513799b81b527b0cb007']",787c9b47d801b0cf08d35bca4805986c43f56836,[]
CVE-2016-2141,NVD-CWE-noinfo,https://github.com/belaban/JGroups,"['38a882331035ffed205d15a5c92b471fd09659c', 'c3ad22234ef84d06d04d908b3c94c0d11df8afd', 'fba182c14075789e1d2c976d50d9018c671ad0b']",b67a6e80598b9ec728997e12bbc13d56bb23ba1c,[]
CVE-2016-3674,CWE-200,https://github.com/x-stream/xstream,"['25c6704bea149ee93c294ae5b6e0aecd182fea88', '7c77ac0397a1f93c69d2776a13c31957f55d1647', '87172cfc1dd7f8f6e137963c778b03efd14ac446', 'c9b121a88664988ccbabd83fa27bfc2a5e0bd139', '5b5cd6d8137f645c5d57b648afb1a305967aa7f', '696ec886a23dae880cf12e34e1fe09c5df8fe94', '806949e1b3c22a3b31819a37402489a0303221a', 'e4f1457e681e015be83c6b0b84947676980e29d']",4fd39f2f2616d4ea9e1d25d30dc78931be01dfb0,[]
CVE-2018-12540,CWE-352,https://github.com/vert-x3/vertx-web,"['98891b1d9e022b467a3e4674aca4d1889849b1d', 'f42b193b15a29b772fc576b2d0f2497e7474a7e']",341ecefb8db8d99918c8a69fe57436f72bac509a,[]
CVE-2018-18389,,https://github.com/neo4j/neo4j,['46de5d01ae2741ffe04c36270fc62c6d490f65c9'],26ff65ccf13111c42942d8652e9e616e91e1fd08,[]